PC,std.dev,percent,cumulative,trust
1,2.0867324089034445,0.62206,0.62206,low
2,1.3268072902187171,0.25149,0.87355,high
3,0.8219648880305486,0.09652,0.97007,high
4,0.40250267449043425,0.02314,0.99321,high
5,0.17638943676330168,0.00444,0.99766,high
6,0.1279935729862968,0.00234,1,high
7,7.000354566047972e-16,0,1,high
