column,PC1,PC2
Petal.Length,0.475005285249095,-0.023033106319830965
Petal.Width,0.46471011864271844,-0.08637019367469365
Sepal.Length,0.4100521350420847,-0.1579873083494617
Sepal.Width,-0.23524247011098798,-0.44855476210957357
Species_setosa,-0.45079995152299773,-0.22808663427948206
Species_versicolor,0.10271783162409992,0.7004787493664093
Species_virginica,0.34808211989889765,-0.47239211508692686
